{
    "$schema": "http://schema.management.azure.com/schemas/2015-01-01/deploymentTemplate.json#",
    "contentVersion": "1.0.0.0",
    "parameters": {
        "location": {
            "type": "String"
        },
        "networkInterfaceName1": {
            "type": "String"
        },
        "enableAcceleratedNetworking": {
            "type": "Bool"
        },
        "networkSecurityGroupName": {
            "type": "String"
        },
        "networkSecurityGroupRules": {
            "type": "Array"
        },
        "subnetName": {
            "type": "String"
        },
        "virtualNetworkId": {
            "type": "String"
        },
        "publicIpAddressName1": {
            "type": "String"
        },
        "publicIpAddressType": {
            "type": "String"
        },
        "publicIpAddressSku": {
            "type": "String"
        },
        "pipDeleteOption": {
            "type": "String"
        },
        "virtualMachineName": {
            "type": "String"
        },
        "virtualMachineName1": {
            "type": "String"
        },
        "virtualMachineComputerName1": {
            "type": "String"
        },
        "virtualMachineRG": {
            "type": "String"
        },
        "osDiskType": {
            "type": "String"
        },
        "osDiskDeleteOption": {
            "type": "String"
        },
        "dataDisks1": {
            "type": "Array"
        },
        "dataDiskResources1": {
            "type": "Array"
        },
        "virtualMachineSize": {
            "type": "String"
        },
        "nicDeleteOption": {
            "type": "String"
        },
        "adminUsername": {
            "type": "String"
        },
        "adminPassword": {
            "type": "SecureString"
        },
        "patchMode": {
            "type": "String"
        },
        "enableHotpatching": {
            "type": "Bool"
        },
        "zone": {
            "type": "String"
        }
    },
    "variables": {
        "nsgId": "[resourceId(resourceGroup().name, 'Microsoft.Network/networkSecurityGroups', parameters('networkSecurityGroupName'))]",
        "vnetId": "[parameters('virtualNetworkId')]",
        "vnetName": "[last(split(variables('vnetId'), '/'))]",
        "subnetRef": "[concat(variables('vnetId'), '/subnets/', parameters('subnetName'))]"
    },
    "resources": [
        {
            "type": "Microsoft.Network/networkInterfaces",
            "apiVersion": "2021-03-01",
            "name": "[parameters('networkInterfaceName1')]",
            "location": "[parameters('location')]",
            "dependsOn": [
                "[concat('Microsoft.Network/networkSecurityGroups/', parameters('networkSecurityGroupName'))]",
                "[concat('Microsoft.Network/publicIpAddresses/', parameters('publicIpAddressName1'))]"
            ],
            "tags": {
                "Lab1": "Lab1"
            },
            "properties": {
                "ipConfigurations": [
                    {
                        "name": "ipconfig1",
                        "properties": {
                            "subnet": {
                                "id": "[variables('subnetRef')]"
                            },
                            "privateIPAllocationMethod": "Dynamic",
                            "publicIpAddress": {
                                "id": "[resourceId(resourceGroup().name, 'Microsoft.Network/publicIpAddresses', parameters('publicIpAddressName1'))]",
                                "properties": {
                                    "deleteOption": "[parameters('pipDeleteOption')]"
                                }
                            }
                        }
                    }
                ],
                "enableAcceleratedNetworking": "[parameters('enableAcceleratedNetworking')]",
                "networkSecurityGroup": {
                    "id": "[variables('nsgId')]"
                }
            }
        },
        {
            "type": "Microsoft.Network/networkSecurityGroups",
            "apiVersion": "2019-02-01",
            "name": "[parameters('networkSecurityGroupName')]",
            "location": "[parameters('location')]",
            "tags": {
                "Lab1": "Lab1"
            },
            "properties": {
                "securityRules": "[parameters('networkSecurityGroupRules')]"
            }
        },
        {
            "type": "Microsoft.Network/publicIpAddresses",
            "apiVersion": "2020-08-01",
            "name": "[parameters('publicIpAddressName1')]",
            "location": "[parameters('location')]",
            "tags": {
                "Lab1": "Lab1"
            },
            "sku": {
                "name": "[parameters('publicIpAddressSku')]"
            },
            "zones": [
                "1"
            ],
            "properties": {
                "publicIpAllocationMethod": "[parameters('publicIpAddressType')]"
            }
        },
        {
            "type": "Microsoft.Compute/disks",
            "apiVersion": "2020-12-01",
            "name": "[parameters('dataDiskResources1')[copyIndex()].name]",
            "location": "[parameters('location')]",
            "tags": {
                "Lab1": "Lab1"
            },
            "sku": {
                "name": "[parameters('dataDiskResources1')[copyIndex()].sku]"
            },
            "zones": "[if(contains(parameters('dataDiskResources1')[copyIndex()].sku, '_ZRS'), json('null'), array(1))]",
            "properties": "[parameters('dataDiskResources1')[copyIndex()].properties]",
            "copy": {
                "name": "managedDiskResources",
                "count": "[length(parameters('dataDiskResources1'))]"
            }
        },
        {
            "type": "Microsoft.Compute/virtualMachines",
            "apiVersion": "2021-07-01",
            "name": "[parameters('virtualMachineName1')]",
            "location": "[parameters('location')]",
            "dependsOn": [
                "managedDiskResources",
                "[concat('Microsoft.Network/networkInterfaces/', parameters('networkInterfaceName1'))]"
            ],
            "tags": {
                "Lab1": "Lab1"
            },
            "zones": [
                "1"
            ],
            "properties": {
                "hardwareProfile": {
                    "vmSize": "[parameters('virtualMachineSize')]"
                },
                "storageProfile": {
                    "osDisk": {
                        "createOption": "fromImage",
                        "managedDisk": {
                            "storageAccountType": "[parameters('osDiskType')]"
                        },
                        "deleteOption": "[parameters('osDiskDeleteOption')]"
                    },
                    "imageReference": {
                        "publisher": "MicrosoftWindowsServer",
                        "offer": "WindowsServer",
                        "sku": "2019-datacenter-gensecond",
                        "version": "latest"
                    },
                    "copy": [
                        {
                            "name": "dataDisks",
                            "count": "[length(parameters('dataDisks1'))]",
                            "input": {
                                "lun": "[parameters('dataDisks1')[copyIndex('dataDisks')].lun]",
                                "createOption": "[parameters('dataDisks1')[copyIndex('dataDisks')].createOption]",
                                "caching": "[parameters('dataDisks1')[copyIndex('dataDisks')].caching]",
                                "diskSizeGB": "[parameters('dataDisks1')[copyIndex('dataDisks')].diskSizeGB]",
                                "managedDisk": {
                                    "id": "[coalesce(parameters('dataDisks1')[copyIndex('dataDisks')].id, if(equals(parameters('dataDisks1')[copyIndex('dataDisks')].name, json('null')), json('null'), resourceId('Microsoft.Compute/disks', parameters('dataDisks1')[copyIndex('dataDisks')].name)))]",
                                    "storageAccountType": "[parameters('dataDisks1')[copyIndex('dataDisks')].storageAccountType]"
                                },
                                "deleteOption": "[parameters('dataDisks1')[copyIndex('dataDisks')].deleteOption]",
                                "writeAcceleratorEnabled": "[parameters('dataDisks1')[copyIndex('dataDisks')].writeAcceleratorEnabled]"
                            }
                        }
                    ]
                },
                "networkProfile": {
                    "networkInterfaces": [
                        {
                            "id": "[resourceId('Microsoft.Network/networkInterfaces', parameters('networkInterfaceName1'))]",
                            "properties": {
                                "deleteOption": "[parameters('nicDeleteOption')]"
                            }
                        }
                    ]
                },
                "osProfile": {
                    "computerName": "[parameters('virtualMachineComputerName1')]",
                    "adminUsername": "[parameters('adminUsername')]",
                    "adminPassword": "[parameters('adminPassword')]",
                    "windowsConfiguration": {
                        "enableAutomaticUpdates": true,
                        "provisionVmAgent": true,
                        "patchSettings": {
                            "enableHotpatching": "[parameters('enableHotpatching')]",
                            "patchMode": "[parameters('patchMode')]"
                        }
                    }
                },
                "diagnosticsProfile": {
                    "bootDiagnostics": {
                        "enabled": true
                    }
                }
            }
        }
    ],
    "outputs": {
        "adminUsername": {
            "type": "String",
            "value": "[parameters('adminUsername')]"
        }
    }
}